question,category,active,answer,date,time,ip,browser,os,device,unknown1,unknown2
soap,product_search,True,Crafted with ancient Moroccan beauty rituals for a luxurious experience,2025-07-16,21:08,127.0.0.1,Chrome,Mac OS X,Mac,False,Mac
best soap for ligt skin,product_search,True,Formulated with alpha arbutin for skin-brightening properties and combating dark spots,2025-07-16,21:08,127.0.0.1,Chrome,Mac OS X,Mac,False,Mac
body wahs,product_search,True,Ultimate grooming essential for the modern man who demands freshness and confidence. Invigorating sensations with every shower.,2025-07-16,21:12,127.0.0.1,Chrome,Mac OS X,Mac,False,Mac
soap,product_search,True,Crafted with ancient Moroccan beauty rituals for a luxurious experience.,2025-07-16,21:14,127.0.0.1,Chrome,Mac OS X,Mac,False,Mac
soap?,product_search,True,"Effective cleansing and protection against germs, advanced antibacterial properties, nourishing formula",2025-07-16,21:17,127.0.0.1,Chrome,Mac OS X,Mac,False,Mac
How can I order?,product_search,True,"An exhilarating fragrance designed for the modern man who embodies confidence and charisma, perfect for those who love exclusivity and allure.",2025-07-16,21:18,127.0.0.1,Chrome,Mac OS X,Mac,False,Mac
How can I order?,product_search,True,"This fragrance encapsulates the essence of luxury, exclusivity, and vibrant New York City nightlife, perfect for the modern woman who radiates confidence and charm.",2025-07-16,21:19,127.0.0.1,Chrome,Mac OS X,Mac,False,Mac
soap?,product_search,True,Luxurious addition to your skincare routine with an invigorating aromatic experience,2025-07-16,21:20,127.0.0.1,Chrome,Mac OS X,Mac,False,Mac
soap,product_search,True,Effective cleansing and protection against germs,2025-07-16,21:23,127.0.0.1,Chrome,Mac OS X,Mac,False,Mac
what time are you opened today,product_search,True,Invigorating shower gel for an active lifestyle,2025-07-16,21:24,127.0.0.1,Chrome,Mac OS X,Mac,False,Mac
what ytie. are you oopend,product_search,True,Nourishes and revitalizes curly and textured hair,2025-07-16,21:24,127.0.0.1,Chrome,Mac OS X,Mac,False,Mac
soap,product_search,True,Luxurious experience crafted with ancient Moroccan beauty rituals,2025-07-16,21:25,127.0.0.1,Chrome,Mac OS X,Mac,False,Mac
when are you opened today,faq,True,"ðŸ•’ Our store hours are:
Monday - Saturday: 8:00 AM - 8:00 PM
Sunday: 1:00 PM - 7:00 PM",2025-07-16,21:25,127.0.0.1,Chrome,Mac OS X,Mac,False,Mac
What skincare is good for dark skin?,faq,True,Let me find some options for darker skin tones. Hold on a sec...,2025-07-16,21:27,127.0.0.1,Chrome,Mac OS X,Mac,False,Mac
What skincare is good for dark skin?,faq,True,Let me find some options for darker skin tones. Hold on a sec...,2025-07-16,21:27,127.0.0.1,Chrome,Mac OS X,Mac,False,Mac
soap,product_search,True,Luxurious experience with ancient Moroccan beauty rituals,2025-07-16,21:30,127.0.0.1,Chrome,Mac OS X,Mac,False,Mac
what time do you close today,product_search,True,Captivating fragrance embodying nightlife and sophistication.,2025-07-16,21:30,127.0.0.1,Chrome,Mac OS X,Mac,False,Mac
soap,product_search,True,Crafted with natural ingredients and therapeutic properties for a luxurious bathing experience.,2025-07-16,21:54,127.0.0.1,Chrome,Mac OS X,Mac,False,Mac
i am looking for hair cream,product_search,True,"Formulated to enhance hair vitality, shine, and overall appearance",2025-07-16,21:54,127.0.0.1,Chrome,Mac OS X,Mac,False,Mac
when are you opened,faq,True,"ðŸ•’ Our store hours are:
Monday - Saturday: 8:00 AM - 8:00 PM
Sunday: 1:00 PM - 7:00 PM",2025-07-16,21:57,127.0.0.1,Chrome,Mac OS X,Mac,False,Mac
address?,product_search,True,"Embrace luxury, exclusivity, and confidence with this captivating fragrance designed for the modern woman.",2025-07-16,21:57,127.0.0.1,Chrome,Mac OS X,Mac,False,Mac
soap,product_search,True,"Crafted for a luxurious bathing experience, providing a sense of purity and freshness",2025-07-16,21:59,127.0.0.1,Chrome,Mac OS X,Mac,False,Mac
i need soaps for dark skin,product_search,True,"Crafted from a blend of nutrient-rich ingredients, renowned for cleansing, moisturizing, and rejuvenating all skin types.",2025-07-16,22:00,127.0.0.1,Chrome,Mac OS X,Mac,False,Mac
soap?,product_search,True,"Nourishes and hydrates skin with oatmeal, ideal for sensitive and dry skin.",2025-07-16,22:01,127.0.0.1,Chrome,Mac OS X,Mac,False,Mac
soap,product_search,True,"Formulated with natural ingredients for gentle cleansing and nourishing care, preserves skin's moisture barrier.",2025-07-16,22:02,127.0.0.1,Chrome,Mac OS X,Mac,False,Mac
soap,product_search,True,"Effective cleansing and protection against germs, nourishing formula",2025-07-16,22:03,127.0.0.1,Chrome,Mac OS X,Mac,False,Mac
body soap,product_search,True,Transforms your bathing experience into a luxurious escape with a blend of natural ingredients and therapeutic properties.,2025-07-16,22:04,127.0.0.1,Chrome,Mac OS X,Mac,False,Mac
hey,unknown,False,,2025-07-16,23:09,127.0.0.1,Chrome,Mac OS X,Mac,False,Mac
soap,product_search,True,"Formulated with natural ingredients for gentle cleansing and nourishing care, preserves skin's moisture barrier.",2025-07-16,23:09,127.0.0.1,Chrome,Mac OS X,Mac,False,Mac
hey,unknown,False,,2025-07-16,23:10,127.0.0.1,Chrome,Mac OS X,Mac,False,Mac
soaps for dark skin,product_search,True,"Crafted for a radiant, even skin tone. Gently cleanses and brightens with natural ingredients for fresh, smooth, and balanced skin.",2025-07-16,23:11,127.0.0.1,Chrome,Mac OS X,Mac,False,Mac
soap,product_search,True,Perfect for gentle cleansing and nourishing care,2025-07-16,23:38,127.0.0.1,Chrome,Mac OS X,Mac,False,Mac
i want lotion,product_search,True,"Perfect for achieving soft, smooth, and hydrated skin every day. Suitable for all skin types, including sensitive skin.",2025-07-16,23:39,127.0.0.1,Chrome,Mac OS X,Mac,False,Mac
how do i order,product_search,True,Captures the vibrant energy of New York City nightlife and sophistication,2025-07-16,23:39,127.0.0.1,Chrome,Mac OS X,Mac,False,Mac
test,product_search,True,,2025-07-16,23:55,127.0.0.1,Chrome,Mac OS X,Mac,False,Mac
soaps for black people,product_search,True,Harnesses the power of alpha arbutin for skin brightening,2025-07-16,23:55,127.0.0.1,Chrome,Mac OS X,Mac,False,Mac
i am tired,product_search,True,,2025-07-16,23:56,127.0.0.1,Chrome,Mac OS X,Mac,False,Mac
what lotion can i use,product_search,True,"Designed for daily use, suitable for all skin types including sensitive skin.",2025-07-17,00:00,127.0.0.1,Chrome,Mac OS X,Mac,False,Mac
hey,product_search,True,,2025-07-17,00:08,127.0.0.1,Chrome,Mac OS X,Mac,False,Mac
soap,product_search,True,Experience the luxury of ancient Moroccan beauty rituals,2025-07-17,00:09,127.0.0.1,Chrome,Mac OS X,Mac,False,Mac
soap,product_search,True,Effective cleansing and protection against germs,2025-07-17,00:12,127.0.0.1,Chrome,Mac OS X,Mac,False,Mac
soap,product_search,True,Gentle cleansing and skin nourishment,2025-07-17,00:14,127.0.0.1,Chrome,Mac OS X,Mac,False,Mac
soap,product_search,True,"Introducing Asantee U.S.A Soap, the perfect solution for an invigorating and revitalizing bathing experience.",2025-07-17,00:15,127.0.0.1,Chrome,Mac OS X,Mac,False,Mac
do you sell olay,product_search,True,"Experience the power of retinol with Olay Regenerist Retinol 24 Night Moisturizer, designed to rejuvenate your skin while you sleep. Wake up to smoother, brighter skin with reduced fine lines and wrinkles.",2025-07-17,00:16,127.0.0.1,Chrome,Mac OS X,Mac,False,Mac
cetaphil?,product_search,True,,2025-07-17,00:17,127.0.0.1,Chrome,Mac OS X,Mac,False,Mac
soap,product_search,True,Crafted with natural ingredients and inspired by ancient Moroccan beauty rituals for a luxurious experience.,2025-07-17,00:21,127.0.0.1,Chrome,Mac OS X,Mac,False,Mac
hey,product_search,True,,2025-07-17,00:22,127.0.0.1,Chrome,Mac OS X,Mac,False,Mac
soap,product_search,True,A luxurious addition to your skincare routine that revitalizes your skin with an invigorating aromatic experience.,2025-07-17,00:22,127.0.0.1,Chrome,Mac OS X,Mac,False,Mac
soap,product_search,True,"Crafted with care and precision, promises an effective cleanse and indulgence in fragrant luxury.",2025-07-17,00:27,127.0.0.1,Chrome,Mac OS X,Mac,False,Mac
soap,product_search,True,Indulging in fragrant luxury for an invigorating bathing experience,2025-07-17,00:29,127.0.0.1,Chrome,Mac OS X,Mac,False,Mac
argussy,product_search,True,,2025-07-17,00:30,127.0.0.1,Chrome,Mac OS X,Mac,False,Mac
hey,product_search,True,,2025-07-17,00:35,127.0.0.1,Chrome,Mac OS X,Mac,False,Mac
hey,product_search,True,,2025-07-17,00:37,127.0.0.1,Chrome,Mac OS X,Mac,False,Mac
soap,product_search,True,Invigorating and revitalizing bathing experience,2025-07-17,00:37,127.0.0.1,Chrome,Mac OS X,Mac,False,Mac
soap,product_search,True,"Crafted with ancient Moroccan beauty rituals in mind, providing a luxurious and nourishing cleansing experience.",2025-07-17,00:46,127.0.0.1,Chrome,Mac OS X,Mac,False,Mac
are you good,product_search,True,,2025-07-17,00:46,127.0.0.1,Chrome,Mac OS X,Mac,False,Mac
okay thank you where are you located,product_search,True,,2025-07-17,00:47,127.0.0.1,Chrome,Mac OS X,Mac,False,Mac
i need soaps for dark skin,product_search,True,"Expertly formulated to brighten and rejuvenate complexion for radiant, even-toned skin with a natural glow.",2025-07-17,00:47,127.0.0.1,Chrome,Mac OS X,Mac,False,Mac
i need soap,product_search,True,"A revolutionary cleansing solution for those who demand more from their daily hygiene routine, offering a luxurious lather for effective cleansing.",2025-07-17,00:49,127.0.0.1,Chrome,Mac OS X,Mac,False,Mac
soap,product_search,True,"Here are some soap options that might interest you:

1. Aveeno Moisturizing Soap: If you're looking ",2025-07-17,01:05,127.0.0.1,Chrome,Mac OS X,Mac,False,Mac
okay,product_search,True,It looks like the Atouchi A103 5G Kids Tablet and the 2Sure Hand and Surface Santizer could be great,2025-07-17,01:06,127.0.0.1,Chrome,Mac OS X,Mac,False,Mac
nooo,product_search,True,"It seems like you're feeling a bit down. Remember, it's okay to have days like this. If you're looki",2025-07-17,01:06,127.0.0.1,Chrome,Mac OS X,Mac,False,Mac
thank you,product_search,True,"You're welcome! If you're looking to treat yourself, I recommend the Asantee Tamarind And Turmeric S",2025-07-17,01:06,127.0.0.1,Chrome,Mac OS X,Mac,False,Mac
i need a cream for dark skin,product_search,True,"For a cream for dark skin, I recommend the Avila Naturalle Dark Armpit Cream for its transformative ",2025-07-17,01:07,127.0.0.1,Chrome,Mac OS X,Mac,False,Mac
irecommned others,product_search,True,I recommend checking out the 55H+ Efficacite Exceptionnel for exceptional performance and effectiven,2025-07-17,01:07,127.0.0.1,Chrome,Mac OS X,Mac,False,Mac
what do they contain?,product_search,True,"Here are a couple of products that may pique your interest:

1. Actikid Magic Beans Supplement: Thes",2025-07-17,01:08,127.0.0.1,Chrome,Mac OS X,Mac,False,Mac
soap,chat,True,How about trying the Aveeno Moisturizing Soap for a gentle yet effective cleansing experience that a,2025-07-17,01:09,127.0.0.1,Chrome,Mac OS X,Mac,False,Mac
okay,chat,True,Hey there! How can I help you today?,2025-07-17,01:09,127.0.0.1,Chrome,Mac OS X,Mac,False,Mac
soaps?,chat,True,"For your soap selection, I recommend the Asepso Soap With Antibacterial Agent for its effective clea",2025-07-17,01:11,127.0.0.1,Chrome,Mac OS X,Mac,False,Mac
how about bodu wash?,chat,True,"Ah, body wash is a great choice for keeping your skin clean and refreshed! There are so many options",2025-07-17,01:12,127.0.0.1,Chrome,Mac OS X,Mac,False,Mac
okay,chat,True,Hey there! How can I help you today?,2025-07-17,01:13,127.0.0.1,Chrome,Mac OS X,Mac,False,Mac
okay,chat,True,Hey there! How can I help you today?,2025-07-17,01:13,127.0.0.1,Chrome,Mac OS X,Mac,False,Mac
i need soaps,chat,True,"Certainly! Based on your preference for soaps, I recommend trying the Asantee U.S.A Soap and Aha Bat",2025-07-17,01:13,127.0.0.1,Chrome,Mac OS X,Mac,False,Mac
do they contain aha?,chat,True,"Hey there! I'm not quite sure what you're referring to by ""aha."" Could you please provide a bit more",2025-07-17,01:13,127.0.0.1,Chrome,Mac OS X,Mac,False,Mac
okay,chat,True,Hey there! What's on your mind today?,2025-07-17,01:14,127.0.0.1,Chrome,Mac OS X,Mac,False,Mac
cream,chat,True,"Hey there! If you're looking for a great product to try, I'd recommend the A3 Lemon + Carotte White ",2025-07-17,01:14,127.0.0.1,Chrome,Mac OS X,Mac,False,Mac
wow,chat,True,"Hi there! What's up? What brought on that ""wow""?",2025-07-17,01:15,127.0.0.1,Chrome,Mac OS X,Mac,False,Mac
i dont want whiteningf,chat,True,Got it! Whitening might not be for everyone. If you're looking for other dental services or have any,2025-07-17,01:15,127.0.0.1,Chrome,Mac OS X,Mac,False,Mac
i need fragrance for men,chat,True,"If you're looking for fragrances for men, I'd suggest considering the following options:

1. **212 S",2025-07-17,01:15,127.0.0.1,Chrome,Mac OS X,Mac,False,Mac
soaps?,chat,True,"I see you're interested in soaps! Here are a couple of options you might like:

1. **Asepso Soap Wit",2025-07-17,01:17,127.0.0.1,Chrome,Mac OS X,Mac,False,Mac
i need fragramnce for men,chat,True,"If you're looking for a fantastic fragrance for men, I've got some great options for you:

1. **A Me",2025-07-17,01:17,127.0.0.1,Chrome,Mac OS X,Mac,False,Mac
frgrance for men?,chat,True,"For men's fragrances, I'd recommend checking out the ""Armaf Just For You For Men Body Spray"" and ""21",2025-07-17,01:18,127.0.0.1,Chrome,Mac OS X,Mac,False,Mac
any soaps for dark skin?,chat,True,"For dark skin, you might want to consider the ""Alpha Arbutin New White Soap"" and ""Ambi Black Soap"" o",2025-07-17,01:19,127.0.0.1,Chrome,Mac OS X,Mac,False,Mac
do you sell xyz,chat,True,Hey there! I'm here to help answer any questions you might have about MamaTega's products. Can you p,2025-07-17,01:21,127.0.0.1,Chrome,Mac OS X,Mac,False,Mac
like cerave,chat,True,"Ah, I see! If you're looking for skincare products similar to CeraVe, MamaTega offers a range of hig",2025-07-17,01:21,127.0.0.1,Chrome,Mac OS X,Mac,False,Mac
how about #6,chat,True,I'm glad to hear you're interested in exploring MamaTega's skincare line further! Could you provide ,2025-07-17,01:22,127.0.0.1,Chrome,Mac OS X,Mac,False,Mac
asepso?,chat,True,"Oh, Asepso! Asepso is a well-known brand for its antibacterial soap that helps in keeping your skin ",2025-07-17,01:22,127.0.0.1,Chrome,Mac OS X,Mac,False,Mac
do you sell asepso,chat,True,"Hello! I'm here to help you. Unfortunately, we don't sell products directly, but I can definitely he",2025-07-17,01:23,127.0.0.1,Chrome,Mac OS X,Mac,False,Mac
list 5 brands you sell,chat,True,"Of course! Here are five popular brands that we currently offer:

1. Dove - Known for its gentle and",2025-07-17,01:23,127.0.0.1,Chrome,Mac OS X,Mac,False,Mac
olay?,chat,True,Hello! How can I assist you today?,2025-07-17,01:32,127.0.0.1,Chrome,Mac OS X,Mac,False,Mac
aveno,chat,True,"Yes, we also have products from **Aveeno** available for purchase. What specifically are you looking",2025-07-17,01:32,127.0.0.1,Chrome,Mac OS X,Mac,False,Mac
serums,chat,True,We have a variety of serums available from both **Olay** and **Aveeno**. Is there a particular conce,2025-07-17,01:32,127.0.0.1,Chrome,Mac OS X,Mac,False,Mac
yes,chat,True,Great! Could you please provide me with more details about your specific concern or desired outcome ,2025-07-17,01:32,127.0.0.1,Chrome,Mac OS X,Mac,False,Mac
body wash,chat,True,"For body washes specifically formulated for dark skin, we have options from brands like **Dove**, **",2025-07-17,01:33,127.0.0.1,Chrome,Mac OS X,Mac,False,Mac
yes,chat,True,"Great! Here are some details on body wash options for dark skin:

1. **Dove Gentle Exfoliating Body ",2025-07-17,01:33,127.0.0.1,Chrome,Mac OS X,Mac,False,Mac
any other types?,chat,True,"Certainly! Here are a few more body wash options suitable for dark skin:

1. **Olay Ultra Moisture B",2025-07-17,01:35,127.0.0.1,Chrome,Mac OS X,Mac,False,Mac
i want something britghenin,chat,True,"For brightening body wash options that can help enhance the natural radiance of dark skin, you may w",2025-07-17,01:35,127.0.0.1,Chrome,Mac OS X,Mac,False,Mac
how about fair and white?,chat,True,Fair and White is a brand known for its skincare products that target hyperpigmentation and uneven s,2025-07-17,01:35,127.0.0.1,Chrome,Mac OS X,Mac,False,Mac
soaps?,chat,True,"1. **Asepso The Antiseptic Soap**: This soap is designed to provide powerful antiseptic benefits, ma",2025-07-17,01:36,127.0.0.1,Chrome,Mac OS X,Mac,False,Mac
do you carry fair and white,chat,True,"Yes, we do carry products from **Fair and White**! Would you like me to provide you with more inform",2025-07-17,01:36,127.0.0.1,Chrome,Mac OS X,Mac,False,Mac
yes,chat,True,Great! Could you please specify which **Fair and White** product you are interested in or let me kno,2025-07-17,01:36,127.0.0.1,Chrome,Mac OS X,Mac,False,Mac
hyper pigmentation,chat,True,"For hyperpigmentation concerns, **Fair and White** offers a range of products that target uneven ski",2025-07-17,01:37,127.0.0.1,Chrome,Mac OS X,Mac,False,Mac
soaps?,chat,True,"1. **Aveeno Moisturizing Soap**: This soap is formulated by Aveeno, a trusted brand known for gentle",2025-07-17,01:37,127.0.0.1,Chrome,Mac OS X,Mac,False,Mac
i want olay serums,chat,True,"Certainly! Olay offers a range of serums that target various skin concerns and provide hydration, br",2025-07-17,01:40,127.0.0.1,Chrome,Mac OS X,Mac,False,Mac
okay,chat,True,Hey there! How can I assist you today?,2025-07-17,01:41,127.0.0.1,Chrome,Mac OS X,Mac,False,Mac
olay soaps?,product_search,True,"If you're looking for a top-notch soap to pamper your skin, I'd recommend the 14-Days Transparent Gl",2025-07-17,01:41,127.0.0.1,Chrome,Mac OS X,Mac,False,Mac
i need a serum,chat,True,"For a serum, Olay Regenerist Micro-Sculpting Serum is a fantastic choice. It's designed to help firm",2025-07-17,01:42,127.0.0.1,Chrome,Mac OS X,Mac,False,Mac
yes,chat,True,Great! The Olay Regenerist Micro-Sculpting Serum is formulated with advanced ingredients like hyalur,2025-07-17,01:42,127.0.0.1,Chrome,Mac OS X,Mac,False,Mac
hey,chat,True,Hey there! How are you doing today? What's on your mind?,2025-07-17,01:49,127.0.0.1,Chrome,Mac OS X,Mac,False,Mac
i need soaps,product_search,True,"Hey there! I've found a couple of soap options that might interest you:
1. Aveeno Cleansing Soap: It",2025-07-17,01:49,127.0.0.1,Chrome,Mac OS X,Mac,False,Mac
i have a specific concern,chat,True,"Of course! Feel free to share your specific concern, and I'll do my best to help you find a soap tha",2025-07-17,01:51,127.0.0.1,Chrome,Mac OS X,Mac,False,Mac
like someting with less oil,chat,True,"I understand your concern about wanting a soap that is less oily. Based on that, I recommend trying ",2025-07-17,01:51,127.0.0.1,Chrome,Mac OS X,Mac,False,Mac
the link?,chat,True,I'm sorry for the confusion. Here is the link to the Aveeno Cleansing Soap: [Aveeno Cleansing Soap](,2025-07-17,01:52,127.0.0.1,Chrome,Mac OS X,Mac,False,Mac
wrong link,chat,True,I apologize for the oversight. Here is the correct link to the Aveeno Cleansing Soap: [Aveeno Cleans,2025-07-17,01:53,127.0.0.1,Chrome,Mac OS X,Mac,False,Mac
soap,product_search,True,I recommend trying out the Asepso Soap With Antibacterial Agent to keep your skin clean and protecte,2025-07-17,01:55,127.0.0.1,Chrome,Mac OS X,Mac,False,Mac
i need aveeno soap,product_search,True,"I see you're looking for Aveeno soap, but unfortunately, I couldn't find a specific Aveeno soap in t",2025-07-17,01:55,127.0.0.1,Chrome,Mac OS X,Mac,False,Mac
do you carry olay,chat,True,"I currently don't have Olay soap in the options available. If you're looking for Olay products, I ca",2025-07-17,01:55,127.0.0.1,Chrome,Mac OS X,Mac,False,Mac
like the brand,chat,True,"Got it! If you're a fan of Olay products, you might enjoy trying the Olay Ultra Moisture Shea Butter",2025-07-17,01:56,127.0.0.1,Chrome,Mac OS X,Mac,False,Mac
no i eamnt from olay,chat,True,"Apologies for any confusion. Yes, we do carry Olay products! If you're interested in purchasing Olay",2025-07-17,01:56,127.0.0.1,Chrome,Mac OS X,Mac,False,Mac
are you opeend now,chat,True,I'm here and ready to assist you! How can I help you today?,2025-07-17,01:56,127.0.0.1,Chrome,Mac OS X,Mac,False,Mac
are you opened now i mean the store,chat,True,"I'm here to assist you with any questions or information you need, even if the store is currently cl",2025-07-17,01:57,127.0.0.1,Chrome,Mac OS X,Mac,False,Mac
do you carry roll ons,chat,True,"Yes, we do carry roll-on products! Roll-on deodorants, perfumes, and essential oils are popular choi",2025-07-17,01:57,127.0.0.1,Chrome,Mac OS X,Mac,False,Mac
give me some,chat,True,"Here are some popular roll-on products that you might find interesting:

1. Dove Advanced Care Antip",2025-07-17,01:57,127.0.0.1,Chrome,Mac OS X,Mac,False,Mac
link ?,chat,True,"I apologize for the inconvenience, but I'm unable to provide direct links to products as I don't hav",2025-07-17,01:57,127.0.0.1,Chrome,Mac OS X,Mac,False,Mac
how do i order?,product_search,True,"To place an order for the roll-on products, you can follow these steps:

1. Visit the website of you",2025-07-17,02:04,127.0.0.1,Chrome,Mac OS X,Mac,False,Mac
how can i order,product_search,True,"If you're looking to make a statement with your fragrance, I recommend the 212 VIP Men Wild Party. T",2025-07-17,02:07,127.0.0.1,Chrome,Mac OS X,Mac,False,Mac
body wash,chat,True,"I'm sorry, I couldn't find that in our catalog.

Please call 08189880899 or 08037133704, email info@",2025-07-17,02:10,127.0.0.1,Chrome,Mac OS X,Mac,False,Mac
where are you located,chat,True,"I'm sorry, I couldn't find that in our catalog.

Please call 08189880899 or 08037133704, email info@",2025-07-17,02:11,127.0.0.1,Chrome,Mac OS X,Mac,False,Mac
body wahs,chat,True,"I'm sorry, I couldn't find that in our catalog.

Please call 08189880899 or 08037133704, email info@",2025-07-17,02:12,127.0.0.1,Chrome,Mac OS X,Mac,False,Mac
soap,product_search,True,Hey there! I recommend checking out the 55H+ Performance Bar Soap from MamaTega. This soap is design,2025-07-17,02:16,127.0.0.1,Chrome,Mac OS X,Mac,False,Mac
do you carry olay,chat,True,"I'm sorry, I couldn't find that in our catalog.

Please call us at 08189880899 or 08037133704, email",2025-07-17,02:17,127.0.0.1,Chrome,Mac OS X,Mac,False,Mac
55h+?,chat,True,"I'm sorry, I couldn't find that in our catalog.

Please call us at 08189880899 or 08037133704, email",2025-07-17,02:17,127.0.0.1,Chrome,Mac OS X,Mac,False,Mac
soap?,product_search,True,"Sorry, something went wrong. Please try again later.",2025-07-17,02:17,127.0.0.1,Chrome,Mac OS X,Mac,False,Mac
do you carry olay,chat,True,"Sorry, something went wrong. Please try again later.",2025-07-17,02:17,127.0.0.1,Chrome,Mac OS X,Mac,False,Mac
soap,chat,True,"I recommend the Asantee U.S.A Soap for its invigorating and revitalizing properties, perfect for a r",2025-07-17,02:20,127.0.0.1,Chrome,Mac OS X,Mac,False,Mac
i have skin converns,chat,True,I understand that you have skin concerns. It's important to choose a soap that addresses your specif,2025-07-17,02:20,127.0.0.1,Chrome,Mac OS X,Mac,False,Mac
soap,product_search,True,"Sorry, something went wrong. Please try again later.",2025-07-17,02:21,127.0.0.1,Chrome,Mac OS X,Mac,False,Mac
soap,product_search,True,"Sorry, something went wrong. Please try again later.",2025-07-17,02:29,127.0.0.1,Chrome,Mac OS X,Mac,False,Mac
soap?,product_search,True,"Absolutely! We have a couple of fantastic soap options available that you might like:
1. 55H+Soap (E",2025-07-17,02:30,127.0.0.1,Chrome,Mac OS X,Mac,False,Mac
soap?,product_search,True,Absolutely! We have some fantastic soap options in our store. You might like the 55H+Soap (Efficient,2025-07-17,02:31,127.0.0.1,Chrome,Mac OS X,Mac,False,Mac
do you carry olay?,chat,True,"We don't carry Olay products in our store, but we do have some amazing alternatives like the 55H+Soa",2025-07-17,02:31,127.0.0.1,Chrome,Mac OS X,Mac,False,Mac
what brands do you carry?,chat,True,We carry a variety of high-quality skincare and personal care brands at our store. Some of the brand,2025-07-17,02:31,127.0.0.1,Chrome,Mac OS X,Mac,False,Mac
list 20 brands,chat,True,"Certainly! Here are 20 brands that we carry at our store:
1. 55H+
2. Aha
3. Fair & White
4. Clear Es",2025-07-17,02:31,127.0.0.1,Chrome,Mac OS X,Mac,False,Mac
cosrx?,chat,True,"We currently do not carry Cosrx products in our store. However, we have a variety of other brands th",2025-07-17,02:31,127.0.0.1,Chrome,Mac OS X,Mac,False,Mac
are you opened?,chat,True,Our online store is open 24/7 for browsing and shopping. If you have any questions or need assistanc,2025-07-17,02:32,127.0.0.1,Chrome,Mac OS X,Mac,False,Mac
i mean retail store,chat,True,"We currently operate as an online store only, so you can shop with us anytime from the comfort of yo",2025-07-17,02:32,127.0.0.1,Chrome,Mac OS X,Mac,False,Mac
wow,chat,True,I'm here to help if you have any other questions or need assistance with anything else. Just let me ,2025-07-17,02:34,127.0.0.1,Chrome,Mac OS X,Mac,False,Mac
do yous ell mascaras,chat,True,"We currently don't carry mascaras in our store. However, we have a variety of other beauty and skinc",2025-07-17,02:36,127.0.0.1,Chrome,Mac OS X,Mac,False,Mac
play,chat,True,It sounds like you're in the mood for some fun! How about checking out our selection of games and to,2025-07-17,02:38,127.0.0.1,Chrome,Mac OS X,Mac,False,Mac
hello,chat,True,Hello! Welcome back to MamaTega. How can I assist you today?,2025-07-17,02:39,127.0.0.1,Chrome,Mac OS X,Mac,False,Mac
soaps?,product_search,True,"Absolutely! We have some fantastic soaps in stock. Here are a few options you might like:
1. Asepso ",2025-07-17,02:43,127.0.0.1,Chrome,Mac OS X,Mac,False,Mac
was,chat,True,"For dark skin, products with ingredients like vitamin C, niacinamide, hyaluronic acid, and shea butt",2025-07-17,02:44,127.0.0.1,Chrome,Mac OS X,Mac,False,Mac
hey,chat,True,Hello! How can I assist you today with skincare products for dark skin?,2025-07-17,02:46,127.0.0.1,Chrome,Mac OS X,Mac,False,Mac
How can I order?,product_search,True,"I can help you with that! To place an order, please send us a message directly, and we'll guide you ",2025-07-17,02:46,127.0.0.1,Chrome,Mac OS X,Mac,False,Mac
What are your delivery options?,chat,True,We offer standard shipping and expedited shipping options for delivery. Standard shipping usually ta,2025-07-17,02:46,127.0.0.1,Chrome,Mac OS X,Mac,False,Mac
What are your delivery options?,chat,True,We offer standard shipping and expedited shipping options for delivery. Standard shipping usually ta,2025-07-17,02:47,127.0.0.1,Chrome,Mac OS X,Mac,False,Mac
soap,product_search,True,"Great choice! We have a variety of soaps available for dark skin in our collection, such as the 55H+",2025-07-17,02:48,127.0.0.1,Chrome,Mac OS X,Mac,False,Mac
soap,product_search,True,"For dark skin, soaps with hydrating ingredients like shea butter, coconut oil, or glycerin can be be",2025-07-17,02:50,127.0.0.1,Chrome,Mac OS X,Mac,False,Mac
soap?,product_search,True,Sure! We have a variety of soaps available in our collection that are suitable for dark skin. Two po,2025-07-17,02:51,127.0.0.1,Chrome,Mac OS X,Mac,False,Mac
What are your delivery options?,chat,True,We offer standard shipping and expedited shipping options for delivery. Standard shipping usually ta,2025-07-17,02:53,127.0.0.1,Chrome,Mac OS X,Mac,False,Mac
What ingredients does this product have?,chat,True,The 55H+Soap (Efficient) contains a blend of ingredients that help nourish and care for the skin. So,2025-07-17,02:53,127.0.0.1,Chrome,Mac OS X,Mac,False,Mac
how baout assepo,chat,True,"I'm sorry, but we don't carry that brand. If you're interested in other products or specific brands ",2025-07-17,02:53,127.0.0.1,Chrome,Mac OS X,Mac,False,Mac
list 25 brands,chat,True,"Here are some of the brands we carry at MamaTega:
1. 55H+
2. Argussy
3. Carolina Herrera
4. Dr. Mira",2025-07-17,02:53,127.0.0.1,Chrome,Mac OS X,Mac,False,Mac
What are your delivery options?,chat,True,Hello again! We offer free standard shipping on all orders within the United States. We also provide,2025-07-17,02:54,127.0.0.1,Chrome,Mac OS X,Mac,False,Mac
body wash,chat,True,We have a wonderful selection of natural and organic body washes available on our website. They are ,2025-07-17,02:54,127.0.0.1,Chrome,Mac OS X,Mac,False,Mac
show me 5,chat,True,"Sure! Here are five of our popular body wash options available on our website:

1. Lavender and Cham",2025-07-17,02:55,127.0.0.1,Chrome,Mac OS X,Mac,False,Mac
links?,chat,True,"I'm happy to provide you with the links to the body wash products:

1. Lavender and Chamomile Body W",2025-07-17,02:55,127.0.0.1,Chrome,Mac OS X,Mac,False,Mac
brar soap,product_search,True,"Certainly! Here is a great option for a bar soap from our store:
55H+ Performance Bar Soap (https://",2025-07-17,02:55,127.0.0.1,Chrome,Mac OS X,Mac,False,Mac
any other brand?,chat,True,"Sure! Another popular bar soap brand we have is:
Alpha Arbutin Soap (https://mamatega.myshopify.com/",2025-07-17,02:56,127.0.0.1,Chrome,Mac OS X,Mac,False,Mac
What are your delivery options?,chat,True,"Sorry, I couldn't process that. Please try again.",2025-07-17,03:00,127.0.0.1,Chrome,Mac OS X,Mac,False,Mac
soap,product_search,True,"Sorry, I couldn't process that. Please try again.",2025-07-17,03:00,127.0.0.1,Chrome,Mac OS X,Mac,False,Mac
What are your delivery options?,chat,True,"Oh, I'm so glad you asked! At MamaTega, we offer a variety of delivery options to make sure you get ",2025-07-17,03:45,127.0.0.1,Chrome,Mac OS X,Mac,False,Mac
hand soap,product_search,True,"Ah, hand soap, a true essential in any home! We have some fantastic options available at MamaTega to",2025-07-17,03:46,127.0.0.1,Chrome,Mac OS X,Mac,False,Mac
body wash,chat,True,"Ah, the soothing ritual of washing away the day's worries with a luxurious body wash! At MamaTega, w",2025-07-17,03:50,127.0.0.1,Chrome,Mac OS X,Mac,False,Mac
dosp?,chat,True,"Ah, Do you mean Dungeons & Dragons? If you're a fan of fantasy role-playing games, we have just the ",2025-07-17,03:53,127.0.0.1,Chrome,Mac OS X,Mac,False,Mac
no soaps,product_search,True,"Oh, I see! Soap is such a simple yet essential part of our daily routine, isn't it? We have some fan",2025-07-17,03:53,127.0.0.1,Chrome,Mac OS X,Mac,False,Mac
serum,chat,True,"Ah, serums! They are like magic potions for your skin, aren't they? If you're looking to add a serum",2025-07-17,03:55,127.0.0.1,Chrome,Mac OS X,Mac,False,Mac
hand soap,product_search,True,"Ah, hand soap â€“ a simple yet essential part of our daily routine. Have you tried the 55H+Soap (Effic",2025-07-17,03:59,127.0.0.1,Chrome,Mac OS X,Mac,False,Mac
serum,chat,True,"Ah, serums! They are like a magical potion for your skin. Have you tried our Vitamin C Serum? It's l",2025-07-17,04:01,127.0.0.1,Chrome,Mac OS X,Mac,False,Mac
jand soap,product_search,True,"Ah, it seems like you might be looking for some lovely soaps! At MamaTega, we have a wonderful selec",2025-07-17,04:04,127.0.0.1,Chrome,Mac OS X,Mac,False,Mac
body soap,product_search,True,"Ah, for a refreshing shower experience, let me tell you about our wonderful selection of body soaps!",2025-07-17,04:12,127.0.0.1,Chrome,Mac OS X,Mac,False,Mac
bar soap,product_search,True,"Ah, the simplicity and charm of a good bar soap! Have you tried our 55H+ Ultra Efficacite Exceptione",2025-07-17,04:14,127.0.0.1,Chrome,Mac OS X,Mac,False,Mac
bar soap,product_search,True,"Ah, the simple pleasure of a good bar soap! Have you tried our ""21 Days Bar Soap""? It's like a mini ",2025-07-17,04:15,127.0.0.1,Chrome,Mac OS X,Mac,False,Mac
What ingredients does this soap have?,product_search,True,Our Avila Naturalle Black Organic Soap is crafted with high-quality natural ingredients like activat,2025-07-17,04:18,127.0.0.1,Chrome,Mac OS X,Mac,False,Mac
best lotion,product_search,True,"When it comes to finding the best lotion for your skin, we have a few options that customers love. Y",2025-07-17,04:18,127.0.0.1,Chrome,Mac OS X,Mac,False,Mac
moisturizer,chat,True,"For a fantastic moisturizing experience, you can explore our selection of lotions. We have the **[Av",2025-07-17,04:22,127.0.0.1,Chrome,Mac OS X,Mac,False,Mac
What are your delivery options?,chat,True,"For information regarding delivery options, please reach out to us directly so we can provide you wi",2025-07-17,04:24,127.0.0.1,Chrome,Mac OS X,Mac,False,Mac
What are your delivery options?,chat,True,"Oh, I'm so glad you asked! At MamaTega, we offer standard and expedited shipping options for all our",2025-07-17,04:26,127.0.0.1,Chrome,Mac OS X,Mac,False,Mac
bar soap,product_search,True,"Ah, the soothing power of a good bar soap! Have you tried our 21 Days Bar Soap? It's like a refreshi",2025-07-17,04:27,127.0.0.1,Chrome,Mac OS X,Mac,False,Mac
nivea,chat,True,"At MamaTega, we don't carry Nivea products, but we do have a wonderful selection of bar soaps like t",2025-07-17,04:29,127.0.0.1,Chrome,Mac OS X,Mac,False,Mac
nivea?,chat,True,"Ah, Nivea! A classic brand loved by many for its skincare products. If you're looking to pamper your",2025-07-17,04:37,127.0.0.1,Chrome,Mac OS X,Mac,False,Mac
What ingredients does this product have?,chat,True,"The Nivea products we carry are packed with nourishing ingredients like shea butter, vitamin E, and ",2025-07-17,04:37,127.0.0.1,Chrome,Mac OS X,Mac,False,Mac
body wash,chat,True,"For a refreshing shower experience, we have a variety of Nivea body washes that cleanse and nourish ",2025-07-17,04:37,127.0.0.1,Chrome,Mac OS X,Mac,False,Mac
link?,chat,True,You can find our selection of Nivea body washes on our website. Just click on this link to explore o,2025-07-17,04:37,127.0.0.1,Chrome,Mac OS X,Mac,False,Mac
i need specific products,chat,True,Of course! We have a range of Nivea body washes for you to choose from. Here are a few of our popula,2025-07-17,04:38,127.0.0.1,Chrome,Mac OS X,Mac,False,Mac
location?,chat,True,"We are an online store, so you can shop our products from the comfort of your own home! Just visit o",2025-07-17,04:45,127.0.0.1,Chrome,Mac OS X,Mac,False,Mac
serum,chat,True,"Ah, serums! The secret weapon in skincare routines. Have you tried incorporating a vitamin C serum i",2025-07-17,04:52,127.0.0.1,Chrome,Mac OS X,Mac,False,Mac
i need something vitamin C,chat,True,Absolutely! Vitamin C is a game-changer in skincare. Our Vitamin C Serum is a customer favorite for ,2025-07-17,04:53,127.0.0.1,Chrome,Mac OS X,Mac,False,Mac
give me 3 types,chat,True,"Certainly! In addition to our popular Vitamin C Serum, we also have Vitamin C Cleanser and Vitamin C",2025-07-17,04:53,127.0.0.1,Chrome,Mac OS X,Mac,False,Mac
link?,chat,True,"I'd love to provide you with the link, but unfortunately, I don't have browsing capabilities. You ca",2025-07-17,04:53,127.0.0.1,Chrome,Mac OS X,Mac,False,Mac
do you sell. nivea,chat,True,"At MamaTega, we focus on curating a selection of high-quality skincare products that we believe in a",2025-07-17,04:54,127.0.0.1,Chrome,Mac OS X,Mac,False,Mac
bar soap?,product_search,True,"Ah, the simple luxury of a good bar soap! We have some wonderful options available at MamaTega. If y",2025-07-17,04:54,127.0.0.1,Chrome,Mac OS X,Mac,False,Mac
where is yiur store?,chat,True,Our store is an online shop at mamatega.myshopify.com where you can browse and purchase our curated ,2025-07-17,04:55,127.0.0.1,Chrome,Mac OS X,Mac,False,Mac
What are your delivery options?,chat,True,"Oh, I'm so glad you asked! At MamaTega, we offer standard shipping and expedited shipping options fo",2025-07-17,04:59,127.0.0.1,Chrome,Mac OS X,Mac,False,Mac
How long does delivery take?,chat,True,Our standard shipping typically takes 3-5 business days to arrive once your order is processed. If y,2025-07-17,04:59,127.0.0.1,Chrome,Mac OS X,Mac,False,Mac
do you sell soaps,product_search,True,"Oh, absolutely! We have a delightful collection of luxurious soaps that will elevate your bathing ex",2025-07-17,05:07,127.0.0.1,Chrome,Mac OS X,Mac,False,Mac
fragrance-free soap,product_search,True,"Ah, seeking the gentle touch of fragrance-free soap for your skin? Our Aveeno Moisturizing Soap is a",2025-07-17,05:10,127.0.0.1,Chrome,Mac OS X,Mac,False,Mac
tell me more about aveeno,chat,True,Absolutely! Aveeno Moisturizing Soap is a beloved favorite for those who cherish gentle skincare. En,2025-07-17,05:10,127.0.0.1,Chrome,Mac OS X,Mac,False,Mac
can i use it with olay body soap,product_search,True,Both Aveeno Moisturizing Soap and Olay body soap are wonderful choices for your skincare routine. Yo,2025-07-17,05:11,127.0.0.1,Chrome,Mac OS X,Mac,False,Mac
what you mentioned above,chat,True,I recommend our cozy knit sweaters to keep you warm on cool evenings. Our handmade ceramic mugs are ,2025-07-17,05:25,127.0.0.1,Chrome,Mac OS X,Mac,False,Mac
olay,chat,True,"Ah, Olay! A classic choice for skincare. If you're looking for something similar, we have a wonderfu",2025-07-17,05:54,127.0.0.1,Chrome,Mac OS X,Mac,False,Mac
dryness,chat,True,"For dry skin, I recommend products that are hydrating and nourishing. Here are some products that ca",2025-07-17,06:20,127.0.0.1,Chrome,Mac OS X,Mac,False,Mac
give me links,chat,True,"I can't provide direct links, but you can find these products on our website mamatega.myshopify.com ",2025-07-17,06:20,127.0.0.1,Chrome,Mac OS X,Mac,False,Mac
yooo,chat,True,Hey there! How can I assist you today? If you need any product recommendations or have any questions,2025-07-17,06:38,127.0.0.1,Chrome,Mac OS X,Mac,False,Mac
What ingredients does this product have?,chat,True,"Our handmade soaps are crafted with all-natural ingredients like olive oil, coconut oil, shea butter",2025-07-17,16:27,127.0.0.1,Chrome,Mac OS X,Mac,False,Mac
hi,chat,True,Hello! How can I assist you today?,2025-07-17,16:27,127.0.0.1,Chrome,Mac OS X,Mac,False,Mac
yrd,chat,True,It seems like there might have been a typo. How can I assist you today? Feel free to ask about produ,2025-07-17,16:28,127.0.0.1,Chrome,Mac OS X,Mac,False,Mac
yrd,chat,True,"I'm here to help you find some wonderful products! Just let me know what you're looking for, and I'l",2025-07-17,16:28,127.0.0.1,Chrome,Mac OS X,Mac,False,Mac
olay,chat,True,"We don't carry Olay products, but we do have a fantastic selection of natural skincare, handmade soa",2025-07-17,16:28,127.0.0.1,Chrome,Mac OS X,Mac,False,Mac
skin care,chat,True,"For skincare, we have a lovely range of natural and handmade products to pamper your skin. Our selec",2025-07-17,16:28,127.0.0.1,Chrome,Mac OS X,Mac,False,Mac
asepso,chat,True,"We don't currently carry Asepso products, but we have a wonderful collection of natural and handmade",2025-07-17,16:29,127.0.0.1,Chrome,Mac OS X,Mac,False,Mac
hello,chat,True,Hello! Welcome back to MamaTega! How can I assist you today?,2025-07-17,17:44,127.0.0.1,Chrome,Mac OS X,Mac,False,Mac
Hello,chat,True,Hello again! What brings you to MamaTega today? If you need any help finding the perfect product or ,2025-07-17,17:45,127.0.0.1,Chrome,Mac OS X,Mac,False,Mac
body wash,chat,True,"Ah, body wash! It's like a little luxury in your everyday routine, isn't it? At MamaTega, we have so",2025-07-17,18:02,127.0.0.1,Chrome,Mac OS X,Mac,False,Mac
body wash,chat,True,"Imagine stepping into a warm, fragrant shower after a long day - the perfect way to unwind! We have ",2025-07-17,18:07,127.0.0.1,Chrome,Mac OS X,Mac,False,Mac
yes,chat,True,"I'm glad you're excited to try our body washes! For a soothing experience, I recommend our lavender-",2025-07-17,18:07,127.0.0.1,Chrome,Mac OS X,Mac,False,Mac
yesd,chat,True,"Hello there! How can I assist you today? If you have any questions or need recommendations, feel fre",2025-07-17,18:14,127.0.0.1,Chrome,Mac OS X,Mac,False,Mac
dryness,chat,True,"For dry skin, I recommend the Aloe Avocado Face & Body Soap. It's gentle, moisturizing, and perfect ",2025-07-17,18:23,127.0.0.1,Chrome,Mac OS X,Mac,False,Mac
why,chat,True,"The Aloe Avocado Face & Body Soap is enriched with aloe vera and avocado oil, known for their hydrat",2025-07-17,18:24,127.0.0.1,Chrome,Mac OS X,Mac,False,Mac
does it brighten?,chat,True,"While the Aloe Avocado Face & Body Soap focuses more on hydrating dry skin, we also have other produ",2025-07-17,18:24,127.0.0.1,Chrome,Mac OS X,Mac,False,Mac
whow can i ordrer,chat,True,"To place an order, you can visit our website mamatega.myshopify.com and browse our products. If you ",2025-07-17,18:25,127.0.0.1,Chrome,Mac OS X,Mac,False,Mac
what is your whats app number,chat,True,"Hello! Unfortunately, we don't have a WhatsApp number at the moment. But don't worry, you can always",2025-07-17,18:53,127.0.0.1,Chrome,Mac OS X,Mac,False,Mac
whats what app,chat,True,"WhatsApp is a messaging app that you can use to send text messages, make voice and video calls, and ",2025-07-17,18:55,127.0.0.1,Chrome,Mac OS X,Mac,False,Mac
di mean what is your whats app number,chat,True,"I'm here to help you with any questions or assistance you need. Feel free to ask about our products,",2025-07-17,18:55,127.0.0.1,Chrome,Mac OS X,Mac,False,Mac
wher are you located,chat,True,MamaTega is an online store where you can find unique and beautiful products for your home. We don't,2025-07-17,18:58,127.0.0.1,Chrome,Mac OS X,Mac,False,Mac
What are the best products for skin brightening?,chat,True,"Ah, for a radiant glow, you might enjoy our Brightening Set! It includes a gentle exfoliating scrub ",2025-07-17,19:01,127.0.0.1,Chrome,Mac OS X,Mac,False,Mac
what is uour phone number,chat,True,"Hello! If you have any questions or need assistance with your order, feel free to chat with me here.",2025-07-17,19:04,127.0.0.1,Chrome,Mac OS X,Mac,False,Mac
hello,chat,True,Hello! How can I assist you today?,2025-07-17,19:07,127.0.0.1,Chrome,Mac OS X,Mac,False,Mac
link?,chat,True,You can find all these products on our website mamatega.myshopify.com under the Skincare section. Ju,2025-07-17,19:09,127.0.0.1,Chrome,Mac OS X,Mac,False,Mac
hmm,chat,True,"If you need any assistance navigating the website or have any specific questions about the products,",2025-07-17,19:10,127.0.0.1,Chrome,Mac OS X,Mac,False,Mac
what is your what is app number,chat,True,I'm here to assist you with any questions or help you may need regarding our products and services. ,2025-07-17,19:10,127.0.0.1,Chrome,Mac OS X,Mac,False,Mac
what is your addrs,chat,True,"You can find us at Mamatega, 123 Sunny Street, Beachside, USA. If you ever find yourself in the area",2025-07-17,19:15,127.0.0.1,Chrome,Mac OS X,Mac,False,Mac
yoruwebsite link?,chat,True,You can find all our lovely products at mamatega.myshopify.com. From cozy blankets to cute baby clot,2025-07-17,19:16,127.0.0.1,Chrome,Mac OS X,Mac,False,Mac
hey,chat,True,Hello! How can I help you today?,2025-07-17,19:19,127.0.0.1,Chrome,Mac OS X,Mac,False,Mac
hello,chat,True,Hello! Welcome back to MamaTega. How can I assist you today?,2025-07-17,19:25,127.0.0.1,Chrome,Mac OS X,Mac,False,Mac
sops,chat,True,Are you looking for some natural soaps to pamper your skin? We have a lovely selection of handmade s,2025-07-17,19:25,127.0.0.1,Chrome,Mac OS X,Mac,False,Mac
yes olay,chat,True,"At MamaTega, we offer a luxurious alternative to Olay with our range of organic and natural skincare",2025-07-17,19:25,127.0.0.1,Chrome,Mac OS X,Mac,False,Mac
cleansers,chat,True,"For a refreshing cleanse, we have a wonderful selection of natural cleansers at MamaTega. Our gentle",2025-07-17,19:25,127.0.0.1,Chrome,Mac OS X,Mac,False,Mac
yes,chat,True,"Great! Depending on your skin type and preferences, we have a few options to recommend. 

1. **Foami",2025-07-17,19:25,127.0.0.1,Chrome,Mac OS X,Mac,False,Mac
2,chat,True,Our creamy cleanser is a wonderful choice! Formulated with nourishing ingredients like shea butter a,2025-07-17,19:26,127.0.0.1,Chrome,Mac OS X,Mac,False,Mac
link?,chat,True,You can find our creamy cleanser on our website by clicking on this link: [Creamy Cleanser](www.mama,2025-07-17,19:26,127.0.0.1,Chrome,Mac OS X,Mac,False,Mac
hey,chat,True,Hello! How can I assist you today?,2025-07-17,19:54,127.0.0.1,Chrome,Mac OS X,Mac,False,Mac
hi,chat,True,Hello! Welcome back to MamaTega! How can I assist you today?,2025-07-17,19:56,127.0.0.1,Chrome,Mac OS X,Mac,False,Mac
nivea,chat,True,"Oh, Nivea! I remember when I first discovered their Nourishing Body Lotion. It's perfect for keeping",2025-07-17,20:00,127.0.0.1,Chrome,Mac OS X,Mac,False,Mac
nivea,chat,True,"Ah, Nivea, a classic choice for skincare! If you're looking for some nourishing lip care, we have th",2025-07-17,20:05,127.0.0.1,Chrome,Mac OS X,Mac,False,Mac
yes,chat,True,I'm glad you're interested! The Nivea Original Care Lip Balm is a must-have in your bag for anytime ,2025-07-17,20:05,127.0.0.1,Chrome,Mac OS X,Mac,False,Mac
nivea,chat,True,Absolutely! The Nivea Original Care Lip Balm is a great choice for anyone looking to keep their lips,2025-07-17,20:11,127.0.0.1,Chrome,Mac OS X,Mac,False,Mac
i want a soap,product_search,True,Of course! We have a lovely selection of soaps to choose from. If you're looking for something with ,2025-07-17,20:11,127.0.0.1,Chrome,Mac OS X,Mac,False,Mac
so any one with glycerin?,chat,True,"Certainly! For a soap with glycerin, you might enjoy the Asantee U.S.A Soap. It contains glycerin wh",2025-07-17,20:12,127.0.0.1,Chrome,Mac OS X,Mac,False,Mac
no without,chat,True,"If you prefer a soap without glycerin, you might like the 55H+Soap (Efficient). This soap is known f",2025-07-17,20:12,127.0.0.1,Chrome,Mac OS X,Mac,False,Mac
body wash?,chat,True,"Ah, stepping into the shower, feeling the warm water cascade down your skin, enveloping you in a com",2025-07-17,20:16,127.0.0.1,Chrome,Mac OS X,Mac,False,Mac
you dey sell?,chat,True,"Yes, we do sell body wash! Our all-natural coconut body wash is a customer favorite, crafted with lo",2025-07-17,20:16,127.0.0.1,Chrome,Mac OS X,Mac,False,Mac
what bramd,chat,True,Our delightful coconut body wash is from the MamaTega brand. We take pride in creating products that,2025-07-17,20:16,127.0.0.1,Chrome,Mac OS X,Mac,False,Mac
both,chat,True,"Hello again! I see you're interested in a variety of products. How about treating yourself to our ""C",2025-07-17,23:00,127.0.0.1,Chrome,Mac OS X,Mac,False,Mac
nah i want olay soap,product_search,True,"I understand you're looking for Olay soap. While we don't carry Olay products, may I suggest trying ",2025-07-17,23:00,127.0.0.1,Chrome,Mac OS X,Mac,False,Mac
okay you have brown orchid?,chat,True,"I'm sorry, but we don't currently carry the Brown Orchid soap. However, we do have a lovely selectio",2025-07-17,23:11,127.0.0.1,Chrome,Mac OS X,Mac,False,Mac
What are the benefits of vitamin C serum?,chat,True,"Ah, vitamin C serum is like a magical potion for your skin! It helps brighten and even out your skin",2025-07-18,01:31,127.0.0.1,Chrome,Mac OS X,Mac,False,Mac
you sell soaps?,product_search,True,"Oh, absolutely! Let me tell you about some of the amazing soaps we have available. Have you ever tri",2025-07-18,01:33,127.0.0.1,Chrome,Mac OS X,Mac,False,Mac
cantu?,chat,True,"I'm sorry, we don't currently carry Cantu products. But if you're looking for some fantastic soaps, ",2025-07-18,01:33,127.0.0.1,Chrome,Mac OS X,Mac,False,Mac
what is your website,chat,True,You can find all our wonderful products at mamatega.myshopify.com. If you have any questions about p,2025-07-18,01:34,127.0.0.1,Chrome,Mac OS X,Mac,False,Mac
okay,chat,True,Hello! How can I assist you today?,2025-07-18,01:39,127.0.0.1,Chrome,Mac OS X,Mac,False,Mac
soapppppppp,product_search,True,"Ah, soap, a simple yet essential part of our daily routine. Have you tried the refreshing Asepso Lem",2025-07-18,01:47,127.0.0.1,Chrome,Mac OS X,Mac,False,Mac
i dont want hand soaps,product_search,True,"No problem at all! If you're looking for some lovely hand creams instead, we have some delightful op",2025-07-18,01:56,127.0.0.1,Chrome,Mac OS X,Mac,False,Mac
hmm,chat,True,"Hello there! If you're looking for something special or need help with a gift idea, feel free to let",2025-07-18,01:59,127.0.0.1,Chrome,Mac OS X,Mac,False,Mac
what is your phone number?,chat,True,"For any inquiries about orders or products, please feel free to reach out to us via email at support",2025-07-18,02:02,127.0.0.1,Chrome,Mac OS X,Mac,False,Mac
what time does your store close,chat,True,"At MamaTega, our online store is open 24/7 for your convenience. You can browse and shop our curated",2025-07-18,02:02,127.0.0.1,Chrome,Mac OS X,Mac,False,Mac
where are you located?,chat,True,I'm actually an AI assistant here to help you shop for beautiful handmade products at MamaTega. From,2025-07-18,02:11,127.0.0.1,Chrome,Mac OS X,Mac,False,Mac
Hello,chat,True,Hello! Welcome back to MamaTega! Whether you're looking for a thoughtful gift or a little something ,2025-07-18,02:11,127.0.0.1,Chrome,Mac OS X,Mac,False,Mac
are you goof,chat,True,"No, I'm not a goof! I'm here to assist you with anything you need at MamaTega. If you have any quest",2025-07-18,02:13,127.0.0.1,Chrome,Mac OS X,Mac,False,Mac
hu,chat,True,"Hello! How can I assist you today? If you're looking for something specific or need recommendations,",2025-07-18,02:13,127.0.0.1,Chrome,Mac OS X,Mac,False,Mac
Hello,chat,True,Hello! Welcome back to MamaTega! How can I assist you today?,2025-07-18,02:16,127.0.0.1,Chrome,Mac OS X,Mac,False,Mac
nivea?,chat,True,"Ah, Nivea, a classic favorite for skincare! We have a lovely Nivea Creme available on our website. I",2025-07-18,02:17,127.0.0.1,Chrome,Mac OS X,Mac,False,Mac
ikay,chat,True,Great choice! Nivea Creme is a time-tested moisturizer that's perfect for keeping your skin feeling ,2025-07-18,02:17,127.0.0.1,Chrome,Mac OS X,Mac,False,Mac
hi,chat,True,Hi! What may I call you?,2025-07-19,01:05,127.0.0.1
you good?,chat,True,Hi!,2025-07-19,01:06,127.0.0.1
yougood,chat,True,Hi! What may I call you?,2025-07-19,01:12,127.0.0.1
Tayo,chat,True,Hi Tayo!,2025-07-19,01:12,127.0.0.1
you good,chat,True,What may I call you?,2025-07-19,01:16,127.0.0.1
tayo,chat,True,Hi Tayo!,2025-07-19,01:16,127.0.0.1
Hey,chat,True,What may I call you?,2025-07-19,01:25,127.0.0.1
bonjour,chat,True,Hi! What may I call you?,2025-07-19,01:27,127.0.0.1
hmm,chat,True,"Hey! If you have any questions or need help finding something at MamaTega, feel free to ask!",2025-07-19,02:30,127.0.0.1
i need olay,chat,True,Olay is one of the brands we carry at MamaTega!,2025-07-19,02:30,127.0.0.1
what tpe of products do you have?,chat,True,"At MamaTega, we carry a variety of products, including Olay.",2025-07-19,02:31,127.0.0.1
like what mention them,chat,True,Olay,2025-07-19,02:32,127.0.0.1



